{
  "view/raisedRequest.xml": 1715844710000,
  "controller/formMaster.controller.js": 1715844710000,
  "model/models.js": 1715844710000,
  "controller/raisedRequest.controller.js": 1715844710000,
  "controller/home.controller.js": 1715844710000,
  "manifest.json": 1716292274238,
  "controller/formField.controller.js": 1715922146199,
  "controller/createField.controller.js": 1715905903134,
  "controller/App.controller.js": 1715844710000,
  "Component.js": 1715844710000,
  "Component-preload.js": 1716292285201,
  "controller/raisedRequest-dbg.controller.js": 1715844710000,
  "model/models-dbg.js": 1715844710000,
  "controller/home-dbg.controller.js": 1715844710000,
  "controller/formMaster-dbg.controller.js": 1715844710000,
  "controller/formField-dbg.controller.js": 1715922146199,
  "controller/createField-dbg.controller.js": 1715905903134,
  "controller/App-dbg.controller.js": 1715844710000,
  "Component-dbg.js": 1715844710000,
  "i18n/i18n.properties": 1715844710000,
  "view/home.view.xml": 1715844710000,
  "view/formMaster.view.xml": 1716281273350,
  "view/formField.view.xml": 1715905962621,
  "view/createField.view.xml": 1715844710000,
  "view/App.view.xml": 1715844710000,
  "fragments/addForm.fragment.xml": 1715844710000,
  "fragments/addField.fragment.xml": 1715844710000,
  "images/change-management.png": 1715844710000,
  "css/style.css": 1715844710000,
  "index.html": 1715844710000
}