<core:FragmentDefinition xmlns="sap.m"
    xmlns:core="sap.ui.core"
    xmlns:l="sap.ui.layout">
    <Dialog id="createDialog" title="Create Field" class="sapUiSmallMargin">
        <VBox id="_IDGenVBox1" class="sapUiContentPadding sapUiSmallMargin">
            <Label id="_IDGenLabel17" text="Field Name :" />
            <Input id="newFieldNameInput" value="{addFieldModel>/fieldName}" placeholder="Enter field name" />
            <Label id="_IDGenLabel182" text="Field Description :" />
            <Input id="newFieldNameInputdesc" value="{addFieldModel>/fieldDesc}" placeholder="Enter field name description" />
        </VBox>
        <footer>
            <OverflowToolbar id="otbFooter">    
                <ToolbarSpacer id="_IDGenToolbarSpacer1"/>        
                <Button id="_IDGenButton1" type="Accept" width="70px" text="Save" press="onsaveNewField">
                </Button>
                <Button id="_IDGenButton2" type="Reject" width="70px" text="Cancel" press="oncancelNewField">
                </Button>
            </OverflowToolbar>
        </footer>
    </Dialog>
</core:FragmentDefinition>  
