{
  "controller/home.controller.js": 1715844710000,
  "controller/createRequest.controller.js": 1716289198201,
  "model/models.js": 1715844710000,
  "i18n/i18n.properties": 1715844710000,
  "controller/displayRequest.controller.js": 1716289355317,
  "manifest.json": 1716292265087,
  "controller/App.controller.js": 1715844710000,
  "Component.js": 1715844710000,
  "Component-preload.js": 1716292265235,
  "controller/home-dbg.controller.js": 1715844710000,
  "model/models-dbg.js": 1715844710000,
  "controller/displayRequest-dbg.controller.js": 1716289355317,
  "controller/createRequest-dbg.controller.js": 1716289198201,
  "controller/App-dbg.controller.js": 1715844710000,
  "Component-dbg.js": 1715844710000,
  "view/home.view.xml": 1715844710000,
  "view/displayRequest.view.xml": 1716289171014,
  "view/createRequest.view.xml": 1716282543410,
  "view/App.view.xml": 1715844710000,
  "images/change-management.png": 1715844710000,
  "css/style.css": 1715906931717,
  "index.html": 1715844710000
}